<?xml version="1.0" encoding="UTF-8" ?>
<!DOCTYPE configuration
        PUBLIC "-//mybatis.org//DTD Config 3.0//EN"
        "http://mybatis.org/dtd/mybatis-3-config.dtd">
<!-- 配置文件的根元素 -->
<configuration>
    <!-- 一个配置完整的 settings 元素的示例 -->
    <settings>
        <setting name="cacheEnabled" value="true"/>
        <setting name="lazyLoadingEnabled" value="true"/>
        <setting name="multipleResultSetsEnabled" value="true"/>
        <setting name="useColumnLabel" value="true"/>
        <setting name="useGeneratedKeys" value="false"/>
        <!-- 指定 MyBatis 应如何自动映射列到字段或属性。 NONE 表示取消自动映射；PARTIAL 只会自动映射没有定义嵌套结果集映射的结果集。 FULL 会自动映射任意复杂的结果集（无论是否嵌套）。-->
        <setting name="autoMappingBehavior" value="PARTIAL"/>
        <setting name="autoMappingUnknownColumnBehavior" value="WARNING"/>
        <setting name="defaultExecutorType" value="SIMPLE"/>
        <setting name="defaultStatementTimeout" value="25"/>
        <setting name="defaultFetchSize" value="100"/>
        <setting name="safeRowBoundsEnabled" value="false"/>
        <setting name="mapUnderscoreToCamelCase" value="false"/>
        <setting name="localCacheScope" value="SESSION"/>
        <setting name="jdbcTypeForNull" value="OTHER"/>
        <setting name="lazyLoadTriggerMethods" value="equals,clone,hashCode,toString"/>
    </settings>
</configuration>