<?xml version="1.0" encoding="UTF-8" ?>
<!DOCTYPE mapper PUBLIC "-//mybatis.org//DTD Mapper 3.0//EN" "http://mybatis.org/dtd/mybatis-3-mapper.dtd" >

<!--设置相关的信息-->
<mapper namespace="com.example.productscreen.business.mapper.second.ProductMapper">
    <!-- 映射关系-->
    <resultMap id="Product" type="com.toec.productscreen.business.entity.Product">
        <!-- 定义主键  -->
        <id column="productId" property="id"  />
        <!-- 定义普通属性 -->
        <result column="planNum" property="planNum"  />
        <result column="comNum" property="comNum"  />
        <result column="orderNum" property="orderNum"  />
        <result column="planDate" property="planDate"  />
        <result column="repairNum" property="repairNum"  />
        <result column="productDate" property="date"  />
    </resultMap>

    <!-- 查询product表中所有数据 resultType="Product"  resultType 与 resultMap 的区别-->
    <select id="findAllProduct" resultMap="Product">
        select productId, planNum, comNum, orderNum, planDate, repairNum, productDate  from [test].[dbo].[ProductTest];
    </select>


</mapper>